From,To,Volume,Cost
1,854,0,0.780000019
1,870,0,1.380000019
2,893,0,0.420000029
2,934,0,1.320000076
2,938,14,0.420000029
3,909,1667,0.6
3,911,0,2.040000153
3,923,0,1.320000076
3,929,0,1.500000095
4,902,0,1.680000114
4,917,415.8849084,0.54000001
4,919,0,0.9
4,920,194.1150916,0.6
4,932,0,1.080000019
5,1009,603,0.6
5,1010,0,2.280000114
5,1029,67,0.840000057
6,992,0,0.420000029
6,1008,0,1.620000076
6,1018,150,0.660000038
7,970,309.1543002,0.960000038
7,971,81.84569978,0.780000019
7,972,0,0.720000029
7,973,194,0.9
7,974,137,1.080000019
8,996,142,0.54000001
8,1012,222,0.780000019
9,840,122,0.360000014
10,535,94,1.040000025
10,839,36,1.520000076
11,166,669,1.560000102
11,200,360,1.560000102
12,167,388,1.880000051
12,199,99,1.2
13,170,393,0.840000025
14,169,163.0026518,2.280000051
14,191,112.1121299,2.280000051
14,197,470.8852182,1.120000076
15,171,317,0.680000051
15,189,77,0.24000001
16,195,799,1.880000051
16,224,415,1.320000076
17,173,844,2.440000153
17,187,385,2.440000153
18,174,1471.552931,1.680000051
18,186,294.4470694,2.440000153
19,190,343,1.880000051
19,220,203,1.280000051
20,177,179.2798743,2.160000102
20,183,9.720125668,2.520000203
21,182,300,0.760000038
21,213,132,3.760000102
22,262,127,0.680000051
23,278,144,0.560000038
24,266,252,1.120000076
24,277,125,1.120000076
25,212,876.8180476,0.8
25,354,92.18195236,2.640000153
26,260,79,0.520000013
27,285,68,1.120000076
28,225,114,1.480000051
28,238,0,1.880000051
29,230,22,0.520000013
30,240,0,1.040000025
30,245,39,3.920000203
31,237,93,3.800000254
31,239,1515,1.640000025
32,243,76,0.520000013
33,273,338,1.120000076
33,274,148,1.120000076
33,294,0,0.960000038
33,295,71,1.2
34,272,329,0.840000025
35,293,207,0.560000038
36,300,562,0.6
37,305,80,0.840000025
38,289,611.307893,2.560000102
38,336,636.692107,2.960000102
38,340,473,2.560000102
38,341,233,2.960000102
39,327,460,0.560000038
40,329,446,0.6
41,311,359,0.480000019
42,312,268,1.520000076
42,313,444,1.320000076
43,332,618,0.920000013
44,319,1065,1.760000102
45,339,753,1.680000051
46,321,76.73830457,0.760000038
46,334,387.2616954,0.760000038
47,360,354,0.4
47,361,375,0.4
47,362,610,1.2
48,376,294,0.720000013
49,447,292,0.440000025
50,378,570,1.520000076
51,377,273,1.480000051
51,382,229,1.000000064
52,383,340,1.080000051
52,443,179,0.920000013
52,444,294,1.4
52,446,5,1.360000102
53,405,138,0.840000025
54,394,144.0561034,1.360000102
54,400,82,0.840000025
54,404,258.9438966,0.960000038
55,395,213,1.320000076
55,434,0,3.800000254
55,1035,166,1.160000102
56,393,49,1.680000051
56,435,23,3.400000254
57,406,278,0.880000051
58,407,403,0.760000038
58,432,0,5.280000305
58,1035,176,1.880000051
59,412,237,0.760000038
59,413,138,0.920000013
60,481,10,0.760000038
61,477,8,1.120000076
62,420,195,2.280000051
62,421,1371,2.280000051
63,411,198,0.440000025
63,418,0,2.280000051
63,429,128,2.280000051
64,418,51,0.760000038
64,419,16,0.760000038
65,426,390,1.000000064
66,453,318.9295683,0.920000013
66,454,81.07043174,0.760000038
66,1034,6,1.440000025
67,441,884,1.000000064
68,465,446,0.480000019
69,456,612,0.840000025
70,468,537.8860933,0.6
70,473,138.1139067,0.840000025
71,467,298,1.000000064
71,472,25,1.960000102
72,462,293,0.440000025
73,457,230,1.2
73,464,67,1.880000051
74,483,244,1.080000051
74,500,100,1.800000127
74,501,9,1.640000025
75,503,34,1.520000076
76,485,545.6061748,2.720000203
76,498,400.3938252,1.720000076
77,493,515,1.440000025
77,507,6,1.360000102
78,504,29,1.520000076
79,492,758,1.880000051
80,620,135,0.440000025
80,621,158,0.440000025
80,652,124,0.640000025
81,628,415,1.360000102
81,629,166,1.360000102
81,657,487,1.4
82,653,386,0.480000019
82,658,150,0.920000013
83,703,263,0.440000025
84,700,262,0.880000051
84,701,143,0.880000051
84,720,74,1.520000076
84,722,131,1.520000076
85,721,0,0.4
85,732,0,0.680000051
86,770,520,0.680000051
87,771,330,0.960000038
88,777,595.0777054,1.040000025
88,778,201.9222946,1.360000102
89,797,247,0.760000038
90,786,349.6841184,1.760000102
90,788,250.5980381,1.440000025
90,789,393.7178435,1.440000025
90,793,0,1.760000102
91,798,234,1.880000051
91,799,740,1.720000076
92,812,1132.188529,1.320000076
92,814,1159.811471,2.560000102
93,804,0,4.520000203
93,817,0,3
94,813,1729,2.440000153
95,818,74,3.400000254
95,819,716,2.040000025
96,558,91,0.360000006
97,648,607.6182099,1.2
97,659,0,1.040000025
97,694,136,1.320000076
97,695,197.3817901,1.320000076
98,601,347.4421885,0.920000013
98,647,296.0558036,0.680000051
98,650,396.5020079,1.4
99,600,128,0.480000019
99,644,37,0.880000051
100,694,247.1262197,1.6
100,695,0,1.6
100,718,88.87378033,1.760000102
100,728,173,1.6
101,688,409,0.960000038
101,689,658,0.960000038
102,677,156,2.480000051
102,687,59,0.720000013
103,751,2,0.920000013
103,752,0,0.680000051
104,708,0,1.960000102
104,836,374,1.080000051
105,755,0,1.120000076
106,705,331,1.120000076
106,742,256,1.120000076
107,546,52,1.080000051
107,548,325,0.960000038
108,532,29,0.680000051
108,533,105,0.840000025
109,637,90,1.120000076
109,639,354,1.040000025
110,631,346.3145936,1.240000025
110,633,41,1.040000025
110,634,258.6854064,1.4
110,670,26,1.680000051
111,540,14,0.960000038
111,541,329,1.040000025
111,543,0,1.520000076
111,578,141,0.720000013
111,579,99,0.720000013
112,524,642,0.720000013
112,541,6,1.4
113,684,53,0.960000038
113,706,159,0.960000038
114,670,543,0.520000013
114,682,0,1.880000051
114,686,7,1.880000051
115,633,372.9903984,1.840000025
115,667,662.0096016,1.640000025
116,570,37,0.520000013
116,571,647,0.520000013
117,522,806,0.8
117,538,3,1.160000102
118,567,63,0.920000013
118,665,21,1.880000051
119,520,222,0.920000013
120,667,483,1.120000076
120,683,435,1.120000076
121,519,57,0.760000038
122,516,81,0.760000038
123,662,24,0.760000038
124,511,322,1.120000076
125,803,0,1.080000051
126,740,0,1.120000076
127,338,0,5.280000305
128,824,0,2.840000153
128,831,0,2.840000153
129,825,0,3.400000254
129,830,0,3.400000254
130,826,0,3.800000254
130,829,0,3.800000254
131,779,0,1.120000076
132,1032,6,2.000000127
133,1033,6,2.000000127
134,241,22,2.000000127
135,353,5,2.000000127
136,335,4,2.000000127
136,348,5,2.000000127
137,324,4,2.000000127
138,1030,17,2.000000127
139,469,14,2.000000127
140,488,0,2.000000127
141,827,0,2.000000127
141,828,46,2.000000127
142,801,1,2.000000127
143,800,3,2.000000127
144,737,37,2.000000127
145,660,3,2.000000127
146,1031,21,2.000000127
147,872,0,1.560000038
147,1048,38,0.780000019
160,162,933.0405151,0.391201923
160,203,484,0.767827859
161,204,98,1.567150612
161,536,2810.650611,0.486691973
162,161,2908.650611,0.441424914
162,163,343.4967822,0.01
162,164,528.611858,0.01
163,162,0,0.01
163,164,604.4789828,0.01
163,527,1031.378586,2.267313888
164,162,2847.718736,0.01
164,163,687.8818042,0.01
164,165,1133.090841,0.25734922
165,164,3535.60054,0.861319992
165,166,809.611858,0.243893445
165,201,415.0319134,1.538936791
166,11,460,1.560000102
166,165,3296.555582,0.679786904
166,167,554.611858,0.445341567
167,12,287,1.880000051
167,166,2832.555582,0.8273665
167,168,424.611858,0.481741036
168,167,2601.555582,0.753904824
168,169,424.611858,1.056124577
168,198,0,1.643478394
169,14,200,2.280000051
169,168,2601.555582,1.652791341
169,170,360.611858,0.27784455
170,13,80,0.840000025
170,169,2574.552931,0.427044555
170,171,362.611858,0.722400689
171,15,62,0.680000051
171,170,2263.552931,0.927601458
171,172,325.611858,0.370424117
172,171,1971.552931,0.423583367
172,173,292.611858,0.629683553
172,189,33,1.669565809
173,17,114,2.440000153
173,172,1971.552931,0.720091778
173,174,369.611858,0.351947408
174,18,190,1.680000051
174,173,1318.552931,0.403204757
174,175,522.611858,0.612030669
175,174,190,0.611117332
175,176,522.611858,0.01
176,175,190,0.01
176,177,522.611858,1.520803417
177,20,25,2.160000102
177,176,190,1.518533913
177,178,624.8917323,1.709906059
178,177,138,1.70381293
178,179,59.27886977,0.01
178,180,69.61286254,0.01
178,181,496,0.01
179,178,0,0.01
179,180,8,0.01
179,181,98,0.01
179,215,277.2798743,2.768116279
180,178,73,0.01
180,179,0,0.01
180,181,233,0.01
180,182,155,1.111237583
181,178,65,0.01
181,179,218.0010046,0.01
181,180,77.38713746,0.01
181,514,827,0.797174145
182,21,100,0.760000038
182,180,306,1.114760044
182,1032,55,0.327272742
183,20,0,2.520000203
183,184,9.720125668,0.965217788
184,183,0,0.965217424
184,185,9.720125668,0.01
185,184,0,0.01
185,186,9.720125668,1.043478653
186,18,85,2.440000153
186,185,0,1.043478261
186,187,304.167195,0.805952816
187,17,70,2.440000153
187,186,85,0.757089309
187,188,689.167195,1.344551456
188,187,155,0.629941479
188,189,0,1.486956555
188,190,265,0.92271022
188,220,534.167195,1.548907614
189,15,0,0.24000001
189,172,0,1.669565284
189,188,110,1.487058032
190,19,351,1.880000051
190,188,60,0.887152941
190,191,371,1.062199015
191,14,45,2.280000051
191,190,174,0.947800295
191,192,474.1121299,1.024792811
192,191,210,0.796571914
192,193,131.1121299,0.01
192,194,343,0.01
193,192,103,0.01
193,194,9,0.01
193,224,172.1121299,0.759404296
194,192,107,0.01
194,193,41,0.01
194,195,352,0.605765382
195,16,110,1.880000051
195,194,148,0.603141697
195,196,1151,0.588085154
196,195,258,0.378621388
196,198,613.113687,1.376711743
196,209,537.886313,2.434896995
197,14,39,1.120000076
197,198,470.8852182,1.281603512
198,168,0,1.643478394
198,196,123,1.200134919
198,197,39,1.226087803
198,199,1083.998905,0.367918241
199,12,255,1.2
199,198,162,0.339260957
199,200,1038.998905,1.532839833
200,11,174,1.560000102
200,199,273,0.602377787
200,201,1268.998905,0.366774235
201,165,330.5978886,1.524713724
201,200,317,0.315462304
201,202,513.2543589,0.612102236
201,206,792.1785711,0.426116552
202,201,0,0.573913077
202,203,513.2543589,0.639925037
203,160,431.4286572,0.75280452
203,202,0,0.600000008
203,204,609.2087969,0.178922361
203,207,484,0.877517528
204,161,0,1.565217391
204,203,0,0.156521745
204,205,707.2087969,0.200145504
205,204,0,0.156521745
205,208,226.5210172,0.965292479
205,839,1339.907077,0.586211307
206,201,269,0.418939853
206,207,792.1785711,0.47938111
207,203,527.3830952,0.897496648
207,206,269,0.471307324
207,208,1404.625641,0.397624323
207,354,270.5529306,0.544355752
208,205,632.6982801,0.972607254
208,207,592.3148298,0.352554316
208,211,806,0.533522041
208,260,1318.794926,1.157063869
209,196,135,1.649713966
209,210,537.886313,0.01
210,209,135,0.01
210,354,537.886313,0.657035693
211,208,1179.164596,0.586243885
211,1036,806,1.307129067
212,25,363.4470694,0.8
212,227,905,2.545106221
212,1037,1179.164596,0.351746345
213,21,57,3.760000102
213,214,124,0.654545455
213,1033,80,0.305454566
214,213,123,0.654545455
214,215,6,0.01
214,216,118,0.01
215,179,106,2.76811609
215,214,43,0.01
215,216,234.2798743,0.01
216,214,80,0.01
216,215,100,0.01
216,217,352.2798743,2.666667585
217,216,180,2.666666714
217,218,352.2798743,0.01
218,217,180,0.01
218,219,352.2798743,0.652174175
219,218,180,0.652173962
219,220,227,1.38501114
219,221,677.4470694,1.275393662
219,1049,274,1.375767001
220,19,170,1.280000051
220,188,95,1.434833467
220,219,699.167195,1.748755669
221,219,233,1.27536242
221,222,9,0.01
221,223,668.4470694,0.01
222,221,31,0.01
222,223,433.1121299,0.01
222,224,60,1.703705506
223,221,202,0.01
223,222,51,0.01
223,225,1101.559199,0.754077223
224,16,71,1.320000076
224,193,112,0.759276612
224,222,464.1121299,1.747560298
225,28,153,1.480000051
225,223,253,0.753623235
225,226,1156.559199,0.890549259
226,225,347,0.884058291
226,227,133.4470694,0.01
226,228,168,0.01
226,229,855.1121299,0.01
227,212,764.793618,2.495978039
227,226,91,0.01
227,228,569,0.01
227,229,245,0.01
228,226,7,0.01
228,227,525.3465486,0.01
228,229,171.1836569,0.01
228,230,957,0.629404899
229,226,249,0.01
229,227,106,0.01
229,228,220,0.01
229,249,1271.295787,0.435455693
230,228,703.5302055,0.615108265
230,231,957,1.468611371
231,230,681.5302055,1.433897068
231,232,957,0.01
232,231,681.5302055,0.01
232,233,957,0.495894752
233,29,285,0.520000013
233,232,681.5302055,0.48417304
233,234,732,0.466647133
234,233,741.5302055,0.466890399
234,235,732,0.01
235,234,741.5302055,0.01
235,236,732,0.709303632
236,235,741.5302055,0.709673397
236,237,0,0.886956588
236,239,997,2.462875582
236,245,487.4697945,1.016232264
237,31,123,3.800000254
237,236,151,0.887205898
237,238,93,1.095687522
238,28,19,1.880000051
238,237,274,1.100065758
238,1050,74,2.460869348
239,31,513,1.640000025
239,236,1229,2.491822167
239,240,770,0.77263767
240,30,770,1.040000025
240,239,0,0.286956538
240,242,0,5.426087089
241,134,23,2.000000127
241,242,14,0.480000028
241,353,8,5.565217612
242,240,0,5.426087089
242,241,23,0.480000028
242,243,14,2.608695836
243,32,67,0.520000013
243,242,23,2.608695837
243,244,90,1.376811899
244,243,90,1.376811899
244,245,637,0.949961119
244,246,428.4697945,0.471132287
244,349,176,1.92633679
245,30,523,3.920000203
245,236,114,0.965294694
245,244,526.4697945,0.868981154
246,244,452,0.473435708
246,247,428.4697945,0.01
247,246,452,0.01
247,248,428.4697945,1.36922823
248,27,167,1.520000076
248,247,452,1.375922546
248,252,261.4697945,1.320535313
249,229,575,0.43483846
249,250,1271.295787,0.01
250,249,575,0.01
250,251,1271.295787,0.870911385
251,250,575,0.869572459
251,252,16,0.01
251,253,1198.428168,0.01
251,254,56.86761896,0.01
252,248,452,1.346332797
252,251,15,0.01
252,253,163.5249693,0.01
252,254,82.94482521,0.01
253,251,560,0.01
253,252,352,0.01
253,254,0,0.01
253,284,1361.953137,0.406785951
254,251,0,0.01
254,252,84,0.01
254,253,0,0.01
254,255,139.8124442,0.834948995
255,254,84,0.834799716
255,256,139.8124442,1.121962717
255,283,0,0.991304398
256,255,84,1.121762124
256,257,161.8124442,1.983367861
256,283,31,0.991304633
257,26,142,1.800000127
257,256,115,1.982773827
257,258,127.8124442,0.54789921
258,257,223,0.548705304
258,281,162,2.139953711
258,1038,970.8129835,0.740875984
259,260,708.4967822,0.47552573
259,1038,166,0.01
259,1047,966.7949262,0.01
260,26,434,2.280000051
260,208,539.4967822,1.128287501
260,259,1132.794926,0.518092114
261,262,1567.358495,0.841779826
261,278,172,1.131683735
261,1047,491,0.888139165
262,22,380,0.680000051
262,261,431,0.792063348
262,263,1537.111128,0.583373304
263,262,653.7526321,0.552379376
263,264,1343.455609,0.01
263,265,193.6555184,0.01
264,263,407,0.01
264,265,157,0.01
264,871,1868.455609,0.611459113
265,263,246.7526321,0.01
265,264,525,0.01
265,266,350.6555184,0.950520639
266,24,329,1.120000076
266,265,771.7526321,1.32581696
266,267,252.6555184,0.73052735
267,266,750.7526321,0.996310581
267,268,44,0.156521753
267,269,1175.496526,0.673154938
268,267,532.7526321,0.157077562
268,272,44,0.782608736
268,274,998,1.079817408
269,268,1246,0.615504168
269,270,1175.496526,0.01
270,269,1246,0.01
270,271,319,0.01
270,356,3348.137623,0.900850568
271,269,0,0.01
271,270,2172.641097,0.01
271,272,319,0.864523531
272,34,51,0.840000025
272,268,284.7526321,0.786352883
272,271,2172.641097,1.157261421
272,295,347,0.720673674
273,33,121,1.120000076
273,267,1184.841007,0.745508208
274,33,0,1.120000076
274,275,1146,0.424812822
275,276,222.2473679,0.156822022
275,280,1261,0.375173084
275,294,56,0.861019269
276,273,967.8410072,0.762844224
276,275,158,0.156612596
276,277,314.2473679,0.951923417
277,24,151,1.120000076
277,276,188,0.897695136
277,278,237.2473679,0.294807009
278,23,226,0.560000038
278,261,190.2473679,1.135897689
278,277,137,0.28810286
279,276,1029.841007,0.369245571
280,279,1029.841007,0.167088898
280,281,1261,1.217591147
281,258,951.0005393,2.240303476
281,280,1029.841007,1.11392594
281,282,948,0.982925086
281,293,494,0.306679897
282,35,155,1.080000051
282,281,421.8410072,0.940305621
282,283,948,0.685712795
283,255,0,0.991304398
283,256,22,0.991304449
283,282,576.8410072,0.668300859
283,284,979,0.95693957
284,253,912,0.405867618
284,283,598.8410072,0.928656983
284,285,1293.11213,0.188732056
285,27,1284,1.120000076
285,284,463,0.188406178
285,286,411.1121299,0.608696227
286,285,797,0.608739193
286,287,411.1121299,0.01
287,286,797,0.01
287,288,411.1121299,0.333333643
288,287,797,0.333357172
288,289,0,1.330434799
288,341,411.1121299,0.73913112
289,38,0,2.560000102
289,288,0,1.330434799
289,290,611.307893,1.362023023
290,289,0,1.330434799
290,291,1584.000539,0.504216392
290,336,197,0.481660791
291,290,197,0.370508292
291,292,1584.000539,0.01
292,291,197,0.01
292,293,1584.000539,1.109276126
293,35,510,1.440000025
293,281,1578.000539,0.401383115
293,292,197,0.815118289
294,33,0,0.960000038
294,275,235.2473679,0.883732697
294,299,56,0.861019269
295,33,205,1.2
295,272,2163.393729,0.959060047
295,296,320,0.648399066
296,295,2270.393729,0.924073287
296,297,0,0.01
296,298,320,0.01
297,296,0,0.01
297,298,56,0.01
297,299,235.2473679,0.562375337
298,296,2270.393729,0.01
298,297,235.2473679,0.01
298,300,376,0.44457581
299,294,235.2473679,0.883732697
299,297,56,0.547921338
300,36,149,0.6
300,298,2505.641097,0.653295973
300,301,357,0.555572678
301,300,2073.641097,1.315783258
301,302,116,0.01
301,303,241,0.01
302,301,1422.061055,0.01
302,327,116,0.888913071
303,301,651.5800428,0.01
303,302,0,0.01
303,304,241,0.685876379
304,303,651.5800428,0.68825248
304,305,144,1.153286189
304,310,111,0.870389411
305,37,22,0.840000025
305,304,53,1.147990682
305,306,189,0.713035522
306,305,40,0.704385524
306,307,454,0.611177113
306,380,1973.620059,0.744430345
307,306,1787.620059,0.686844513
307,308,309,0.01
307,309,145,0.01
308,307,956.6200588,0.01
308,310,309,0.925939812
309,307,831,0.01
309,308,0,0.01
309,313,145,1.481481934
310,304,612.5800428,0.873242141
310,308,956.6200588,0.930537092
310,311,266,0.333881041
310,328,638,0.762322069
311,41,73,0.480000019
311,310,1119,0.354950286
311,312,220,1.000642815
312,42,90,1.520000076
312,311,787,1.011384732
312,314,130,0.870411922
313,42,58,1.320000076
313,309,831,1.485059302
313,315,172,0.833334005
314,312,519,0.871635882
314,315,0,0.01
314,316,130,0.01
315,313,472,0.83344325
315,314,0,0.01
315,316,172,0.01
316,314,519,0.01
316,315,472,0.01
316,317,302,0.780171206
317,316,991,0.805446296
317,318,302,0.01
318,317,991,0.01
318,319,302,0.817322238
319,44,207,1.760000102
319,318,991,1.706559305
319,320,221,0.352083156
320,319,52,0.351852051
320,321,211,1.81237551
320,333,10,3.652175431
321,46,11,0.760000038
321,320,52,1.811594829
321,322,282.7383046,1.306843553
322,321,58,1.304348704
322,323,0,0.01
322,324,8,0.01
322,325,274.7383046,0.01
323,322,0,0.01
323,324,7,0.01
323,325,506.1121299,0.01
323,326,231,2.246376858
324,137,22,2.000000127
324,322,0,0.01
324,323,0,0.01
324,325,4,0.01
325,322,58,0.01
325,323,231,0.01
325,324,7,0.01
325,423,784.8504345,3.116143387
326,323,513.1121299,2.246385649
326,335,231,1.028985584
327,39,72,0.560000038
327,302,1422.061055,1.077380376
327,328,265,0.296311841
328,310,934.2001016,0.762606381
328,327,1183.061055,0.321598254
328,329,99,1.259274982
328,337,945,1.562830524
329,40,24,0.6
329,328,1343.261695,1.460714108
329,330,112,1.222250208
330,329,934.2616954,1.254709248
330,331,112,0.01
331,330,934.2616954,0.01
331,332,112,0.814833472
332,43,70,0.920000013
332,331,934.2616954,0.836472832
332,333,77,0.259260206
333,320,0,3.652173913
333,332,351.2616954,0.259314008
333,334,81,1.173916969
334,46,21,0.760000038
334,333,345.2616954,1.180123262
334,335,113,1.391329383
335,136,29,2.000000127
335,326,513.1121299,1.028989611
335,334,11,1.391304403
335,348,266,1.782608862
336,38,158,2.960000102
336,290,972.6926463,0.962023023
336,337,39,1.574074387
337,328,914.9994607,1.561718704
337,336,336.0005393,1.582281848
337,338,805,0.435174377
338,127,13,5.280000305
338,337,1072,0.436839561
338,339,792,0.507662327
339,45,173,1.680000051
339,338,1072,0.509646155
339,340,793,0.33360868
340,38,205,2.560000102
340,339,493,0.333350909
340,343,797,1.174911445
341,38,49,2.960000102
341,288,797,0.739183293
341,342,362.1121299,1.304348435
342,341,564,1.304357483
342,343,119,0.01
342,344,19,0.01
342,345,224.1121299,0.01
343,340,229,1.173913829
343,342,386,0.01
343,344,243,0.01
343,345,168,0.01
344,342,5,0.01
344,343,69,0.01
344,345,107,0.01
344,351,306,1.341832839
345,342,173,0.01
345,343,41,0.01
345,344,44,0.01
345,346,499.1121299,1.086523532
346,345,258,1.080191859
346,347,499.1121299,0.01
347,346,258,0.01
347,348,499.1121299,1.986472377
348,136,36,2.000000127
348,335,471.1121299,1.782612766
348,347,258,1.974896288
348,353,13,5.62318848
349,27,0,1.880000051
349,244,263,1.928917928
349,350,176,2.130083898
350,349,263,2.132938041
350,351,176,0.01
350,352,0,0.01
351,344,181,1.34181912
351,350,263,0.01
351,352,43,0.01
352,350,0,0.01
352,351,5,0.01
352,353,43,3.436363637
353,135,56,2.000000127
353,241,0,5.565217612
353,348,8,5.62318848
353,352,5,3.436363636
354,25,162.5529306,2.640000153
354,207,603.0682654,0.896841987
354,210,135,0.445160909
355,356,903,0.192699617
355,357,559.6555184,0.68398869
355,885,2819.815253,0.445722796
356,270,1565,0.68841342
356,355,3379.470772,0.270610792
357,356,693.3331487,0.454546476
357,358,559.6555184,0.290337906
358,359,1429.655518,0.34913462
358,360,201.1262197,0.574689037
358,925,2486.060676,1.290808205
359,357,693.3331487,0.909092951
359,358,2486.060676,0.564728606
359,368,1429.655518,1.3716002
360,47,195.1262197,0.4
360,363,360,0.685312191
361,47,338,0.4
361,359,467,0.669047873
362,47,24.87378033,1.2
362,363,994.6475654,0.336248506
362,1011,2277.007141,0.446935954
363,362,1667.007141,0.365034467
363,364,79,0.730472208
363,366,1342.647565,0.350330542
364,365,79,0.286971222
365,366,286,0.73382559
365,448,79,1.09570827
366,361,430,0.292516386
366,363,1734.007141,0.485698451
366,367,1363.647565,0.806548366
367,366,1899.007141,1.330168397
367,368,0,0.01
367,369,95,0.01
367,370,1097.647565,0.01
367,371,171,0.01
368,359,2712.393825,1.493610323
368,367,0,0.01
368,369,77,0.01
368,370,1314.655518,0.01
368,371,38,0.01
369,367,76,0.01
369,368,156,0.01
369,370,45,0.01
369,371,154,0.01
369,447,325,0.790630786
370,367,605,0.01
370,368,2254.393825,0.01
370,369,39,0.01
370,371,28.88609329,0.01
370,383,2583.590212,1.460818814
371,367,1218.007141,0.01
371,368,302,0.01
371,369,114,0.01
371,370,126.2871286,0.01
371,372,391.8860933,0.652761176
372,371,1760.29427,0.731097366
372,373,391.8860933,0.01
373,372,1760.29427,0.01
373,374,391.8860933,0.757202982
374,373,1760.29427,1.316914444
374,375,391.8860933,0.01
375,374,1760.29427,0.01
375,376,391.8860933,0.558744868
376,48,180,0.720000013
376,375,1760.29427,0.953627646
376,377,338,0.289909714
377,51,13,1.480000051
377,376,1592.408176,0.422781028
377,378,325,0.289434983
378,50,113,1.520000076
378,377,1319.408176,0.345574223
378,379,403,0.56019816
379,378,940.4081762,0.572471435
379,380,282,0.01
379,381,121,0.01
380,306,491,0.713895113
380,379,918.2942695,0.01
380,381,1055.325789,0.01
381,379,22.11390671,0.01
381,380,209,0.01
381,382,1176.325789,0.966162305
382,51,30,1.000000064
382,381,231.1139067,0.860942837
382,391,1352.325789,2.498818063
383,52,476.2871286,1.080000051
383,370,2927.279918,1.462662468
383,384,2107.303084,0.422109189
384,383,2587.279918,0.545588544
384,385,240.7676484,0.01
384,386,1866.535435,0.01
385,384,1076.279918,0.01
385,386,0,0.01
385,443,421.3570101,0.648484492
386,384,1511,0.01
386,385,180.5893617,0.01
386,387,1866.535435,0.986324651
387,386,1691.589362,0.948790668
387,388,161.5965755,0.28706575
387,389,1704.93886,0.257606937
388,387,10,0.286956539
388,389,584.1139067,0.288493912
388,439,266.3126542,2.426056435
388,442,960.0854426,1.177095783
389,387,1681.589362,0.256495545
389,388,1064.801521,0.309446203
389,390,2289.052767,0.60561689
390,389,2746.390883,0.65453392
390,391,98.11390671,0.01
390,392,2190.93886,0.01
391,382,208.1139067,2.034891085
391,390,513.3257893,0.01
391,392,839,0.01
392,390,2233.065094,0.01
392,391,110,0.01
392,393,3029.93886,0.937893392
393,56,0,4.160000102
393,392,2343.065094,0.569586142
393,394,2817.93886,0.442919594
393,404,232.01202,0.615180149
394,54,5,1.360000102
394,393,1950.133217,0.273510996
394,395,2817.93886,0.715485502
395,55,0,3.800000254
395,394,1811.077114,0.425612381
395,396,2823.92684,0.547756571
396,395,1604.065094,0.311651808
396,397,1423.05099,0.01
396,398,1399.88787,0.01
396,399,0.987979998,0.01
397,396,11,0.01
397,398,11,0.01
397,399,0,0.01
397,1035,1556.985896,0.890176632
398,396,1593.065094,0.01
398,397,94.93490628,0.01
398,399,35,0.01
398,406,1486.88787,0.728769445
399,396,0,0.01
399,397,39,0.01
399,398,76,0.01
399,400,35.98798,0.913077192
400,54,28,0.840000025
400,399,115,0.915018689
400,401,7.987979998,0.808695822
401,400,33,0.808717708
401,402,7.987979998,0.01
401,403,0,0.01
402,401,33,0.01
402,403,105,0.01
402,405,32,0.965241041
403,401,0,0.01
403,402,24.01202,0.01
403,404,105,0.966735583
404,54,208,0.960000038
404,393,363.9438966,0.67351106
404,403,24.01202,0.965226059
405,53,32,0.840000025
405,402,138,0.969172752
406,57,53,0.880000051
406,398,1723,0.755641071
406,407,1483.88787,0.651834096
407,58,0,3.800000254
407,406,1495,0.652668268
407,408,1556.88787,1.779884422
408,407,1165,1.721873135
408,409,1494.88787,0.01
408,410,62,0.01
409,408,237,0.01
409,412,1494.88787,3.327313413
410,408,928,0.01
410,409,0,0.01
410,411,62,1.25925936
411,63,61,0.440000025
411,410,928,1.291636386
411,414,81,0.907407473
412,59,1494.88787,0.760000038
412,409,237,2.452407358
413,59,1894.11213,0.920000013
413,415,138,1.159420328
413,420,0,2.240000153
414,411,810,0.919318893
414,415,45,0.01
414,416,36,0.01
414,417,0,0.01
415,413,1699.11213,1.238348226
415,414,0,0.01
415,416,33,0.01
415,417,105,0.01
416,414,810,0.01
416,415,657.1121299,0.01
416,417,518,0.01
416,419,127,0.574074193
417,414,0,0.01
417,415,997,0.01
417,416,58,0.01
417,418,623,0.594324327
418,63,0,2.280000051
418,64,23,0.760000038
418,417,1055,0.596765591
418,428,652,0.594360917
419,64,24,0.760000038
419,416,1985.11213,0.659396545
419,421,143,0.833333671
420,62,0,2.280000051
420,413,195,2.560403383
421,62,107,2.280000051
421,419,2009.11213,1.808699662
421,422,267,1.592679314
422,421,869.1121299,1.622205701
422,423,217,0.01
422,424,7,0.01
422,425,43,0.01
423,325,296,3.115942356
423,422,661.1121299,0.01
423,424,81.73830457,0.01
423,425,42,0.01
424,422,0,0.01
424,423,0,0.01
424,425,0,0.01
424,427,208.7383046,1.260869597
425,422,208,0.01
425,423,79,0.01
425,424,120,0.01
425,426,85,1.129629915
426,65,46,1.000000064
426,425,407,1.130123581
426,1030,39,0.296296309
427,424,0,1.260869584
427,428,196.7383046,3.667774158
427,469,12,9.608696094
428,418,1056,0.596779686
428,427,0,3.66666674
428,429,848.7383046,0.594930219
429,63,18,2.280000051
429,428,1056,0.596779686
429,430,976.7383046,0.537712091
430,429,1074,0.538796335
430,431,976.7383046,0.01
431,430,1074,0.01
431,432,976.7383046,0.959162131
432,58,472,2.280000051
432,431,1074,0.961096187
432,433,762.7383046,0.783124807
433,432,1332,0.79562516
433,434,995.6732108,0.930397618
433,479,153,1.637686691
433,1035,22,1.347826161
434,55,827.9490101,1.120000076
434,433,1416,0.949516835
434,435,854.6732108,0.435336696
435,56,0,0.760000038
435,434,2102.94901,0.536500947
435,436,871.6732108,0.333809445
436,435,2096.94901,0.410038031
436,437,777.6732108,0.01
436,438,94,0.01
437,436,1484.38179,0.01
437,438,0,0.01
437,474,777.6732108,2.486730412
438,436,612.56722,0.01
438,437,0,0.01
438,439,94,0.782609891
439,388,119.1139067,2.425928556
439,438,612.56722,0.78779438
439,440,49,1.017393243
439,473,160.7160786,0.592673291
440,439,340.9706445,1.028279217
440,441,1123.279918,1.066086278
440,468,613.4497897,0.798942166
441,67,303,1.000000064
441,440,935.4204342,1.026743643
441,442,1529.279918,1.424451215
442,388,475,1.124124707
442,441,760.4204342,1.103088596
442,443,1291.403428,0.37722872
442,444,1014.279792,0.610110961
443,52,395.7128714,0.920000013
443,385,1076.279918,0.682823895
443,442,419.7676484,0.333503115
444,52,332,1.4
444,442,631.9706445,0.578284495
444,445,1308.279792,0.749230171
445,444,963.9706445,0.657546297
445,446,295,0.891546081
445,455,1515.07969,0.683471043
445,1034,29.20010159,0.860884898
446,52,7,1.360000102
446,445,108,0.888496378
446,447,300,0.944284676
447,49,371,0.440000025
447,369,431,0.744702827
447,446,115,0.941162097
448,365,286,1.100738344
448,449,199.6157744,1.085541634
448,455,0,0.991304398
449,448,41.8743202,1.069632383
449,450,187.6157744,0.01
449,451,12,0.01
450,449,21,0.01
450,451,739.9706445,0.01
450,628,1679.065094,1.116198406
451,449,20.8743202,0.01
451,450,1491.449319,0.01
451,452,751.9706445,0.716014287
452,451,1512.323639,0.969085735
452,453,564.0145963,0.36689068
452,454,1187.096324,0.52938487
453,66,76,0.920000013
453,452,1177.929568,0.410159814
453,456,603.0145963,2.194376898
454,66,38,0.760000038
454,452,1333.534347,0.570159789
454,455,1260.096324,0.517239619
455,445,1046.970644,0.531674601
455,448,364.7414542,1.002093629
455,454,1363.463916,0.548389739
456,69,92,0.840000025
456,453,974,2.032025893
456,457,718.0145963,1.591762776
457,73,10,1.2
457,456,569,1.231929664
457,458,829.0145963,0.802652416
458,457,460,0.784050704
458,459,759.0145963,0.01
458,460,70,0.01
459,458,442,0.01
459,460,1448.614142,0.01
459,768,3687.892304,0.758345298
460,458,18,0.01
460,459,2928.877707,0.01
460,461,1518.614142,0.741412164
461,460,2946.877707,1.842848541
461,462,1425.614142,0.327004999
461,482,93,1.539132742
462,461,1864.68323,0.363282733
462,463,1502.614142,0.389165131
463,462,1648.68323,0.400650823
463,464,118.7998984,0.939220846
463,466,1552.614142,0.942263129
463,482,0,1.200000017
464,73,39,1.880000051
464,463,230,0.940860861
464,465,122,1.382758609
465,68,52,0.480000019
465,464,205.2001016,1.384138835
465,1034,346,2.295495758
466,463,1561.483128,0.943849183
466,467,599.3938252,0.674855698
466,470,1969.38179,0.535056012
466,500,392,1.40791856
467,71,59,1.000000064
467,466,843.4497897,0.710980645
467,468,765.3938252,0.925448695
468,70,53,0.6
468,440,1093.279918,0.842329444
468,467,770.4497897,0.926658142
469,139,69,2.000000127
469,427,0,9.608696094
469,481,20,6.283636476
469,510,0,6.478261164
470,72,365,0.440000025
470,466,825.3892895,0.445481069
470,471,1665.38179,0.482713121
471,470,886.3892895,0.445940028
471,472,77,0.59259474
471,474,1637.38179,0.439558679
472,71,0,1.960000102
472,471,100.7160786,0.592600623
472,473,102,1.240758612
473,70,60,0.840000025
473,439,240.1139067,0.593179599
473,472,100.7160786,1.240757529
474,437,1484.38179,2.64083294
474,471,834.6732108,0.408413895
474,475,149,0.637683019
474,502,13,2.180001389
475,474,11,0.637681196
475,476,149,0.01
476,475,11,0.01
476,477,149,0.826089336
477,61,113,1.120000076
477,476,11,0.826086975
477,478,58,1.449275472
478,477,25,1.449275455
478,479,0,0.01
478,480,58,0.01
479,433,21,1.637681233
479,478,22,0.01
479,480,131,0.01
480,478,3,0.01
480,479,21,0.01
480,481,189,0.889158601
481,60,143,0.760000038
481,469,52,6.283636688
481,480,24,0.888888934
482,461,1082.194477,1.668813834
482,463,26,1.200000022
482,483,93,0.600000882
483,74,93,1.080000051
483,482,1108.194477,0.656212279
483,484,0,0.777777801
484,483,864.1944772,0.791839965
484,485,0,2.462963057
484,499,0,1.617391338
485,76,0,2.720000203
485,484,864.1944772,2.507493243
485,486,0,0.782608696
486,485,318.5883024,0.782888046
486,487,0,0.01
487,486,318.5883024,0.01
487,495,0,1.83333338
488,140,0,2.000000127
488,489,0,0.01
488,490,0,0.01
488,491,0,0.01
489,488,0,0.01
489,490,191,0.01
489,491,11,0.01
489,835,285,1.681159705
490,488,0,0.01
490,489,285,0.01
490,491,5,0.01
490,492,191,0.851860713
491,488,0,0.01
491,489,0,0.01
491,490,0,0.01
491,508,16,1.666666667
492,79,58,1.880000051
492,490,290,0.851921595
492,493,828,1.221318023
493,77,126,1.440000025
493,492,227,1.203733064
493,494,1244,0.328728855
494,493,254,0.296683825
494,495,1244,1.653667232
494,507,0,1.22608699
495,487,318.5883024,1.833572242
495,494,254,1.631761066
495,496,925.4116976,0.968394275
496,495,254,0.944484607
496,497,925.4116976,0.01
497,496,254,0.01
497,498,925.4116976,0.493691205
498,76,125,1.720000076
498,497,254,0.481501962
498,499,1233.805523,2.844601043
499,484,0,1.617391338
499,498,287,2.574274274
499,500,1200.805523,0.626840306
499,501,33,0.391315012
500,74,114,1.800000127
500,466,1300.805523,1.599510041
500,499,278,0.57411222
501,74,33,1.640000025
501,499,9,0.39130446
501,502,0,1.956521739
502,474,55,2.180260501
502,501,0,1.956521739
502,503,13,0.940000602
503,75,24,1.520000076
503,502,55,0.94011233
503,504,0,5.040000407
504,78,0,1.520000076
504,503,32,5.04008361
504,505,8,1.330435052
504,510,0,2.3
505,504,6,1.330434892
505,506,8,0.01
506,505,6,0.01
506,507,8,1.200000245
507,77,8,1.360000102
507,494,0,1.22608699
507,506,6,1.2000001
508,491,0,1.666666667
508,509,16,0.01
509,508,0,0.01
509,510,16,0.971014511
510,469,11,6.478261164
510,504,5,2.300000043
510,509,0,0.971014511
511,124,51,1.120000076
511,512,343,0.818388428
511,1031,386,0.327420645
512,511,437,0.818863509
512,513,49,0.01
512,514,79,0.01
512,515,215,0.01
513,512,51,0.01
513,514,122,0.01
513,515,0,0.01
513,660,461,2.579715232
514,181,360.388142,0.797101755
514,512,135,0.01
514,513,407,0.01
514,515,285,0.01
515,512,251,0.01
515,513,5,0.01
515,514,159.388142,0.01
515,516,500,1.885984682
516,122,0,0.760000038
516,515,415.388142,1.884807765
516,517,563,0.856672377
517,516,397.388142,0.855344089
517,518,563,0.01
518,517,397.388142,0.01
518,519,563,0.362996778
519,121,77,0.760000038
519,518,397.388142,0.362433944
519,520,600,0.63150459
520,119,38,0.920000013
520,519,454.388142,0.630104156
520,521,775,0.523989963
521,520,445.388142,0.518872509
521,522,719,0.652868727
521,537,111,0.834785322
522,117,331,0.8
522,521,408.388142,0.648436332
522,523,1379,1.555791905
523,522,593.388142,1.522799367
523,524,1758.652738,0.640989217
523,539,240,0.758207714
524,112,420,0.720000013
524,523,670.388142,0.593004085
524,525,2264.652738,0.64252744
525,524,954.388142,0.501989923
525,526,2446.229659,0.326124915
525,542,237.6453993,0.884559762
526,525,1143.033541,0.299172433
526,527,461.6635149,0.01
526,528,242.6069221,0.01
526,529,1741.959222,0.01
527,163,604.4789828,3.37472033
527,526,425.6453993,0.01
527,528,526.5400768,0.01
527,529,79.19311028,0.01
528,527,91.81546789,0.01
528,529,55.94527175,0.01
528,544,769.1469989,0.903207593
529,526,717.388142,0.01
529,527,51,0.01
529,530,1877.097604,0.304352201
530,529,768.388142,0.296700151
530,531,1587.511416,0.505938032
530,545,289.5861882,1.045834103
531,530,643.388142,0.500283357
531,532,114,0.705825672
531,534,1676.511416,0.589358212
532,108,146,0.680000051
532,531,175,0.704932708
532,547,57,0.443560321
533,108,206,0.840000025
533,534,25,0.652180674
533,550,144,0.655276248
534,531,671.388142,0.574848927
534,533,161,0.656760533
534,535,1701.511416,0.402555165
535,10,307,1.040000025
535,534,832.388142,0.392971597
535,845,1587.511416,0.421149343
536,160,985.611858,0.459347894
536,841,2810.650611,1.769788892
537,521,92,0.8347838
537,538,23,0.886963411
537,565,114,1.173917372
538,117,11,1.160000102
538,537,3,0.886956594
538,539,12,2.008695825
539,523,542.652738,0.821087334
539,538,0,2.008695685
539,540,240,0.496756759
539,541,21.4023477,0.834783082
540,111,12,0.960000038
540,539,552.0550857,0.541328579
540,573,228,0.653329636
541,111,121,1.040000025
541,112,7,1.4
541,539,0,0.834782642
541,542,343.4023477,0.763187861
542,525,230.5769207,0.882181428
542,541,115,0.758158409
542,543,146.6453993,0.498165227
542,544,194.4023477,0.443495708
543,111,0,1.520000076
543,542,81.57692072,0.495974139
543,580,146.6453993,0.498165227
544,528,147.7607396,0.886966811
544,542,24,0.443478328
544,545,637.0291623,0.446978711
544,584,508.426991,1.221046533
545,530,125,0.994176562
545,544,24,0.443478328
545,546,175,0.500320756
545,547,766.6153505,0.584274659
546,107,203,1.080000051
546,545,102,0.496356501
546,588,42,0.495683645
547,532,235,0.444512769
547,545,62,0.573916099
547,548,366.3061961,0.557771059
547,549,820.129821,0.561197188
548,107,202,0.960000038
548,547,496.8206666,0.511582405
548,592,347.8239405,0.72034935
549,547,163,0.548042812
549,551,0,0.01
549,552,820.129821,0.01
550,533,109,0.653343312
550,549,0,0.01
550,551,61,0.01
550,552,83,0.01
551,549,0,0.01
551,550,19,0.01
551,552,86,0.01
551,597,115,0.993448912
552,549,163,0.01
552,550,90,0.01
552,551,54,0.01
552,553,989.129821,1.038019626
553,552,307,1.03201435
553,554,202,0.01
553,556,787.129821,0.01
554,553,11,0.01
554,555,334.3304392,0.01
554,556,43,0.01
554,598,892.7477622,0.729463881
555,553,0,0.01
555,554,700.7477622,0.01
555,557,524.3304392,0.531935182
556,553,296,0.01
556,554,0,0.01
556,555,190,0.01
556,560,817.129821,0.747973391
557,555,700.7477622,0.628243516
557,558,524.3304392,0.335959059
558,96,391,0.360000006
558,557,700.7477622,0.396785374
558,1043,319.3304392,0.157771389
559,888,284.3304392,0.157233583
559,943,926.1042755,0.187194935
559,1043,795.7477622,0.345627428
560,556,473,0.731959186
560,561,805.1396032,0.186713092
560,610,755.3748713,0.713432487
560,975,686.1117493,0.286852232
561,560,473.9015235,0.182993053
561,562,805.1396032,0.160039789
561,611,0,0.960000038
562,561,392.0558238,0.156662951
562,563,805.1396032,0.266732971
562,977,0,0.4
563,562,392.0558238,0.261104909
563,564,1026.188497,0.194742876
563,613,1910.759807,0.735392375
564,563,951.9931536,0.191285782
564,617,1601.188497,0.503643099
564,998,916.6936328,0.108535883
565,537,115,1.173917541
565,566,97,0.01
565,569,17,0.01
566,565,90,0.01
566,567,113,0.83484689
566,569,0,0.01
567,118,17,0.920000013
567,566,90,0.834805882
567,666,96,1.773916153
568,565,25,0.01
568,566,16,0.01
569,571,17,1.773917908
570,116,63,0.520000013
570,568,41,1.173981574
571,116,17,0.520000013
571,575,647,2.153519434
572,570,67,1.7223003
573,540,538.0550857,0.705757469
573,572,20,0.01
573,576,208,0.01
573,577,0,0.01
574,572,41,0.01
574,573,0,0.01
574,576,89,0.01
575,573,212.4023477,0.01
575,576,193,0.01
575,577,241.5976523,0.01
576,572,6,0.01
576,573,325.652738,0.01
576,577,27,0.01
576,630,490,0.879936116
577,578,268.5976523,0.570977647
578,111,39,0.720000013
578,581,370.5976523,1.091224581
579,111,29,0.720000013
579,574,130,0.549647172
580,543,81.57692072,0.495974139
580,579,60,0.965431103
580,581,146.6453993,0.314630666
581,580,41.57692072,0.313062659
581,582,340.6675463,0.457958316
581,632,374.6453993,0.770241615
582,584,329.6675463,0.01
582,586,0,0.01
582,587,11,0.01
583,580,100,0.417944661
584,544,329.6675463,1.158392153
584,583,0,0.01
584,586,153.3546007,0.01
584,587,355.0723902,0.01
585,583,22,0.01
585,584,0,0.01
585,586,20,0.01
586,583,78,0.01
586,584,0,0.01
586,587,0,0.01
586,635,173.3546007,0.835217475
587,589,366.0723902,0.469585045
588,546,120,0.496896889
588,585,42,0.417417802
588,589,0,0.313043491
589,588,82,0.31325054
589,590,198.2037038,0.608742201
589,636,348.2070974,0.749437337
590,592,191.338411,0.01
590,593,0,0.01
590,594,6.865292823,0.01
591,588,38,0.600026815
592,548,355.338411,0.658651395
592,591,0,0.01
592,593,66,0.01
592,594,281.8239405,0.01
593,591,38,0.01
593,592,164,0.01
593,594,0,0.01
593,638,143,0.835124259
594,596,288.6892333,0.577635166
595,591,0,0.01
595,592,0,0.01
595,593,77,0.01
596,597,105,0.313535866
596,640,326.6892333,0.735181722
597,551,105,0.992863587
597,595,77,0.548116759
597,596,38,0.313057477
598,554,378.3304392,0.716342965
598,599,523.3950549,0.01
598,602,369.3527073,0.01
599,598,378.3304392,0.01
599,600,740.3950549,0.980308154
599,602,12,0.01
600,99,504,0.480000019
600,599,390.3304392,0.744736727
600,643,376.3950549,0.60998656
601,98,440,0.920000013
601,604,544.4641839,0.572093994
601,645,724.5952607,0.818516201
602,604,381.3527073,0.835845203
603,598,0,0.01
603,599,217,0.01
604,601,905.5952607,0.692120203
604,605,346.5642804,0.20145669
604,610,514.1117493,0.189225155
605,606,346.5642804,0.143897626
606,607,346.5642804,0.287795252
606,612,0,0.280000019
607,608,2011.651089,0.190911789
607,609,282.658564,0.130462059
608,609,1221.693633,0.293746753
608,647,2011.651089,0.731828507
609,614,1158.693633,0.186019429
609,616,345.658564,0.730810187
610,560,552.1185958,0.655212101
610,603,217,0.745053843
610,604,840.4543993,0.219637043
611,605,0,0.280000019
611,610,340.0863744,0.184163971
612,562,0,0.960000038
612,611,340.0863744,0.131545685
613,607,1947.745373,0.217340872
613,612,340.0863744,0.263091369
614,564,1158.693633,0.637780881
614,613,377.0719402,0.13053365
615,614,377.0719402,0.600454797
615,616,998.4156658,0.28607066
615,617,585.8669339,0.772265575
616,615,292.8737803,0.209748515
616,619,465.9706445,0.653446907
616,650,1196.721795,0.753680549
617,564,1284.993154,0.400689303
617,615,749.4156658,0.829548857
617,997,0,0.280000019
617,1012,1298.003601,0.527684742
618,615,919.0650937,0.656499863
618,619,900.9548595,0.229848717
618,1013,666.514427,0.88146511
619,618,426.8450498,0.186056669
619,621,476.9706445,0.627443298
619,652,889.9548595,0.553370755
620,80,337,0.440000025
620,618,1287.95799,0.241817116
621,80,65,0.440000025
621,624,569.9706445,0.314546642
622,620,1489.95799,0.634469784
622,623,2358.091748,0.67414711
622,624,1123.714607,0.212094678
623,622,1243.714607,0.615377505
623,1017,2108.091748,0.504734335
623,1020,250,0.443531875
624,622,2081.761125,0.223472724
624,625,906.7146072,0.577496563
624,627,756.9706445,0.451044593
625,624,2051.761125,0.611997926
625,627,767,0.56860182
625,655,2329.731832,0.63936279
626,622,1646.288612,0.540123967
626,627,1588.017225,0.306265824
626,1028,919,1.432808216
627,625,1423.017225,0.637586796
627,626,722,0.233547358
627,629,966.9706445,0.904730952
628,81,213,1.360000102
628,626,1881.065094,0.667337073
629,81,372,1.360000102
629,450,760.9706445,0.720133556
630,576,358.652738,0.845980592
630,631,97,0.782639143
630,633,490,1.044924149
631,110,46,1.240000025
631,630,9,0.782608696
631,632,434.3145936,0.807300953
632,581,239.6468148,0.697482456
632,631,46,0.782609781
632,634,110.6453993,1.202267603
632,635,496.0054392,0.430729262
633,110,11,1.040000025
633,115,32,1.840000025
633,630,446.652738,1.026751652
633,838,499,0.993931954
634,110,0,1.4
634,632,73.33766036,1.200536755
634,671,369.3308056,0.897042448
635,586,78,0.834794903
635,632,10,0.417391336
635,636,496.0054392,0.430729262
635,673,173.3546007,2.088043605
636,589,262.338411,0.704651771
636,635,88,0.41742249
636,637,108,0.522644889
636,638,539.8741257,0.62580227
637,109,142,1.120000076
637,636,106,0.522587469
637,675,36,1.434835649
638,593,202,0.847781717
638,636,48,0.600005366
638,639,498.3785864,0.484823467
638,640,403.4955393,0.556319482
639,109,144,1.040000025
639,638,282,0.493100955
639,676,471.3785864,1.312433125
640,596,105,0.6793277
640,638,187,0.554335943
640,643,635.1847726,1.315205301
640,678,9,1.591304905
641,642,478.1181958,0.01
641,643,404,0.506970611
642,641,404,0.01
642,679,478.1181958,0.496737541
643,600,402.3304392,0.613450049
643,640,206,1.123002343
643,641,478.1181958,0.496737541
643,644,489.4616317,0.349474788
644,99,170,0.880000051
644,643,160.3304392,0.341480891
644,645,526.4616317,0.406712105
645,601,456.0219954,0.747822282
645,644,330.3304392,0.425443731
645,646,520.0590418,0.703846866
645,680,590.645416,0.773473266
646,645,435,0.691945591
646,647,1273.135821,0.590241777
646,648,689.5177444,0.890651651
646,681,2167.375785,0.579441358
647,98,519,0.680000051
647,608,1221.693633,0.61419773
647,646,1840.149081,0.658593405
648,97,578,1.2
648,646,568,0.850245649
648,649,693.1359543,0.604372161
649,648,542,0.571711334
649,650,681.4919902,0.629737715
649,651,335.6652021,0.657479549
649,659,1003.603009,1.401505986
650,98,560,1.4
650,616,611.4919902,0.472985519
650,649,1103.223803,0.875790705
651,649,598.039694,0.69231328
651,652,551.8450498,0.709758359
651,653,255,0.628031312
651,658,894.093398,0.489857392
652,80,125,0.640000025
652,619,426.8450498,0.451851915
652,651,1013.95486,0.943712165
653,82,309,0.480000019
653,651,566,0.657859591
653,654,360,0.896177525
654,653,594,0.940264947
654,655,132,0.01
654,656,228,0.01
655,625,2818.761125,0.579159072
655,654,594,0.01
655,656,2166.731832,0.01
656,655,3117.761125,0.01
656,657,2394.731832,0.509513983
657,81,263,1.4
657,656,3117.761125,0.494046926
657,702,2621.731832,1.234977001
658,82,48,0.920000013
658,651,383.3580802,0.396374822
658,698,1044.093398,1.683003515
659,97,152,1.040000025
659,649,168.3607499,1.025759717
659,696,1003.603009,0.754657043
660,145,7,2.000000127
660,513,173,2.579710227
660,661,398,1.22401936
660,737,59,8.014493196
661,660,173,1.221843902
661,662,398,1.303924476
662,123,18,0.760000038
662,661,173,1.290057554
662,663,408,0.498852193
663,662,177,0.492840542
663,664,408,0.01
664,663,177,0.01
664,665,408,0.806966722
665,118,18,1.880000051
665,664,177,0.797241994
665,666,429,0.426167498
666,567,27,1.773913186
666,665,195,0.425930834
666,667,525,1.224103256
667,115,49,1.640000025
667,120,130,1.120000076
667,666,222,1.222248997
667,668,1458.009602,1.079176477
668,667,189,0.870378977
668,669,848.347262,0.01
668,837,599,0.01
668,838,10.66233964,0.01
669,668,74,0.01
669,670,935.347262,0.570407364
669,837,19,0.01
669,838,21,0.01
670,110,0,1.680000051
670,114,316.4687774,2.640000153
670,669,114,0.555569404
670,671,1444.347262,0.682775431
671,634,73.33766036,0.887353308
671,670,370.4687774,0.560249853
671,672,1629.695008,0.312903441
672,671,259.8233781,0.296729773
672,673,0,0.01
672,674,1629.695008,0.01
673,635,0,2.086956522
673,672,173.3546007,0.01
673,674,0,0.01
674,672,86.46877738,0.01
674,673,0,0.01
674,675,1629.695008,0.371572841
675,637,86,1.435903932
675,674,86.46877738,0.351854106
675,676,1573.695008,0.504184414
675,686,692.5312226,1.978833835
676,639,45,1.278364211
676,675,743,0.608375668
676,677,1705.830325,0.297289118
676,687,396.2432692,2.263824833
677,102,650,2.480000051
677,676,758,0.358588409
677,678,1459.333543,0.28679828
678,640,0,2.440000153
678,677,1005.503218,0.604417971
678,679,1459.333543,0.745675578
679,642,404,0.506970611
679,678,996.5032178,0.748627473
679,680,1138.333543,0.849187079
679,688,701.1181958,0.926294531
680,645,211,0.731602992
680,679,964.5032178,0.841652239
680,681,927.3335429,0.709210603
681,646,1636.821228,0.482256513
681,680,373.8578018,0.704431806
681,689,1945.156518,1.035724077
682,114,623,1.880000051
682,683,680,0.837940364
682,837,139,0.574075325
683,120,33,1.120000076
683,682,441,0.833875077
683,704,1021,1.773937958
684,113,0,0.960000038
684,685,201,0.768099143
684,705,7,0.678260967
685,684,7,0.756521896
685,686,201,1.748087653
686,114,863.5312226,1.880000051
686,675,30,0.913061297
686,685,7,1.721739435
687,102,110,0.720000013
687,676,87,2.217444523
687,707,455.2432692,1.165414499
688,101,497,0.960000038
688,679,338,0.737952006
688,709,423.1181958,2.60147901
689,101,464,0.960000038
689,681,861.1262197,0.519759837
689,690,1991.156518,0.588787538
690,689,713.1262197,0.278039568
690,691,2216.156518,0.805746567
691,690,439,0.277801569
691,693,438.4979921,0.52186594
691,715,1840.658526,0.488665774
692,690,499.1262197,0.392342714
693,695,438.4979921,0.86107885
694,97,21,1.320000076
694,100,613.7807283,1.6
694,692,499.1262197,0.366186558
695,97,16,1.320000076
695,100,330.4979921,1.6
695,697,289.3817901,0.808726357
696,659,320.3607499,0.590755088
696,694,750.7807283,1.299284051
696,697,891.4072011,0.35847084
697,696,127.6439326,0.28703541
697,699,340.5161251,0.652225159
697,718,889.2728661,0.780813109
698,658,431.3580802,1.196910653
698,696,831.3017376,0.66908395
698,699,802.8367839,0.336518574
699,698,443.663703,0.293160421
699,701,107.1960092,1.304351492
699,720,1007.1569,0.664351467
700,84,604.4822556,0.880000051
700,698,577.7395007,0.865261056
701,84,15.81421907,0.880000051
701,703,234.3817901,0.678322312
702,657,3120.761125,1.038736282
702,700,920.2217563,1.11323596
702,703,1745.921271,0.259708255
703,83,198,0.440000025
703,702,3165.17232,0.327357332
703,722,1781.303061,0.563630946
704,683,380,1.704234268
704,705,918,1.100249785
704,741,209,1.692040732
705,106,340,1.120000076
705,684,148,0.68181236
705,704,58,1.074074199
705,706,1173,0.480828437
706,113,427,0.960000038
706,705,463,0.444811961
706,707,1122,0.473651055
707,687,197,1.122773774
707,706,680,0.446901514
707,708,1350.243269,1.05634142
707,743,0,1.982608795
708,104,502.0250392,1.960000102
708,707,650,0.911421057
708,709,878.361465,0.358745759
709,688,148,2.531085081
709,708,680.143235,0.353799062
709,710,954.361465,0.6482223
709,836,1029.040055,1.233799112
710,709,1251.065094,0.70050547
710,711,302,0.814896364
710,726,652.361465,0.447371189
711,710,1045.065094,0.852504938
711,712,0,0.01
711,713,302,0.01
712,713,200,0.01
712,727,795.5934326,0.74963893
713,711,1045.065094,0.01
713,712,795.5934326,0.01
713,714,502,0.278120352
714,713,1840.658526,0.306196042
714,715,502,0.01
715,691,502,0.278120352
715,714,1840.658526,0.01
716,717,0,0.626086981
716,729,138.4199572,0.602485042
717,716,138.4199572,0.62868006
717,718,96.77015232,0.705180154
717,719,50.71820728,0.652181018
717,730,688.7826259,0.66057922
718,100,316.7212796,1.760000102
718,697,176.6439326,0.632180499
718,717,581.5515865,0.743653194
719,717,296.3692039,0.691080357
719,720,414.663703,0.716364153
719,721,72,1.46092367
719,731,690.4912968,0.661107407
720,84,219.7035253,1.520000076
720,699,414.663703,0.626812599
720,719,861.4533745,0.860070695
721,85,652,0.4
721,719,146.6889189,1.461523298
721,723,0,0.886956588
721,725,0,1.773913176
722,84,617,1.520000076
722,703,2901.17232,0.639814136
722,723,1898.303061,0.559575976
723,721,726.6889189,0.994999275
723,724,1171.614142,0.112329707
724,725,3504.17232,0.620259195
724,735,1171.614142,0.318267513
725,721,0,1.773913176
725,722,3504.17232,0.797476122
726,710,206,0.443500854
726,727,276.4230445,0.942999585
726,745,375.9384205,0.939832783
727,712,200,0.740750403
727,726,206,0.940511325
727,728,179,1.253299374
727,746,941.0164771,0.608914894
728,100,621,1.6
728,727,38,1.252178895
728,729,189,0.574537117
729,716,0,0.600000008
729,728,496,0.592252042
729,730,54,0.626095428
729,750,273.4199572,0.28809438
730,717,96.77015232,0.600709
730,729,496,0.646093125
730,731,54,0.652182753
730,756,865.3670409,0.351414819
731,719,414.663703,0.61023611
731,730,590.4305551,0.690552171
731,758,513.9068818,0.297339303
731,1041,61,0.600012416
732,85,577,0.680000051
732,1041,0,0.495652199
732,1042,0,0.234782613
733,734,497.5632784,0.592455362
733,764,200,0.600026755
733,1042,516,0.865420291
734,733,555,0.601102493
734,735,497.5632784,0.01
734,736,0,0.01
735,724,3504.17232,0.502114609
735,734,555,0.01
735,736,971.6141417,0.01
736,735,3361.609041,0.01
736,767,971.6141417,0.481986441
737,144,91,2.000000127
737,660,0,8.014493196
737,738,54,2.116363752
737,800,17,5.159420437
738,737,63,2.116363865
738,739,54,0.01
739,738,63,0.01
739,740,54,0.720000072
740,126,68,1.120000076
740,739,63,0.72000011
740,741,54,0.545454603
741,704,428,1.729634897
741,740,131,0.545457169
741,742,422,1.378443174
741,802,220,2.260127893
742,106,125,1.120000076
742,741,128,1.37681332
742,743,612,0.658822213
743,707,0,1.982608795
743,742,187,0.652180904
743,744,612,1.055373554
744,743,187,1.037078433
744,745,390,1.111166028
744,836,665.9349063,1.202488815
745,726,0,0.939130451
745,744,509.9349063,1.111329065
745,746,765.9384205,0.612081696
746,727,416,0.592881283
746,745,509.9349063,0.611231021
746,748,1569.954898,0.354633978
747,746,788.9349063,0.463819026
748,749,1569.954898,0.946146196
749,750,0,0.495652199
749,752,1269.374855,0.222356512
749,753,951.7390903,1.001386283
750,729,0,0.286956538
750,747,788.9349063,0.944661653
750,749,651.1590475,0.536755228
751,103,3055.625145,0.920000013
751,750,1166.673997,0.222604128
752,103,872.3748549,0.680000051
752,757,397,0.222222572
753,749,0,0.760000038
753,754,951.7390903,0.01
754,753,0,0.01
754,755,951.7390903,0.816920364
755,105,1064,1.120000076
755,754,0,0.620000013
755,1040,0,1.486956555
756,730,178.9240123,0.289877766
756,751,4220.299142,0.505747894
756,757,120.2609097,0.547948307
757,756,0,0.547826104
757,759,405,0.46296378
757,1039,112.2609097,1.045552807
758,731,835.509843,0.343953282
758,756,3654.117023,0.744627687
758,759,0,0.547826104
759,758,552.8265329,0.573425259
759,760,398,0.59259666
759,772,0,1.147826153
760,758,3422.893451,0.85022295
760,761,398,0.407428922
761,760,3422.893451,0.584528289
761,762,398,0.500026399
762,761,3422.893451,0.71737562
762,763,140,0.01
762,765,258,0.01
763,762,1031.019435,0.01
763,764,658.5632784,0.01
763,765,176,0.01
763,771,442,0.574797803
764,733,658.5632784,0.605494314
764,762,0,0.01
764,763,200,0.01
764,765,0,0.01
765,762,2391.874016,0.01
765,763,102,0.01
765,764,0,0.01
765,766,434,0.5740802
766,765,2493.874016,0.837635857
766,767,0,0.01
766,768,398,0.01
766,769,36,0.01
767,736,3361.609041,0.714770871
767,766,0,0.01
767,768,299.6141417,0.01
767,769,672,0.01
768,459,1890.614142,0.737069196
768,766,2003.169275,0.01
768,767,1145.723028,0.01
768,769,539,0.01
769,766,490.7047411,0.01
769,767,2215.886013,0.01
769,768,1193,0.01
769,770,1247,0.639028135
770,86,382,0.680000051
770,769,3899.590754,1.265103551
770,776,1030,0.502900781
771,87,436,0.960000038
771,763,1865.582713,1.125036509
771,775,145,0.74400023
772,759,545.8265329,1.199120344
772,773,0,0.704347859
773,772,545.8265329,0.735823839
773,774,0,0.547826104
774,773,545.8265329,0.825531094
774,775,0,0.730434832
775,771,1674.582713,0.809813759
775,774,545.8265329,0.76307659
775,776,13,0.991305431
775,777,218,1.128002699
776,770,3544.590754,0.814827337
776,775,204.1435554,0.992716479
776,778,941,0.855013389
777,88,122,1.040000025
777,775,2102.265691,1.450996184
777,783,258,1.200006852
778,88,313,1.360000102
778,776,3646.734309,1.469094291
778,787,740,0.982592104
779,131,601,1.120000076
779,780,0,0.782608696
780,779,601,0.831616478
780,781,0,0.01
781,780,601,0.01
781,782,0,0.860869615
782,781,601,0.914778179
782,783,0,0.01
782,784,0,0.01
782,785,0,0.01
783,777,1669.187985,1.304397017
783,782,203,0.01
783,785,55,0.01
784,782,128.640711,0.01
784,783,145.7612509,0.01
784,785,0,0.01
784,786,0,0.756521805
785,782,269.359289,0.01
785,783,1523.426734,0.01
785,784,0,0.01
785,788,55,0.666666693
786,90,96,1.760000102
786,784,274.4019619,0.790979917
786,787,75.28215653,0.730792916
787,778,3556.812015,1.610080479
787,786,96,0.731274123
787,789,644,1.093214693
788,90,0,1.440000025
788,785,1792.786023,1.110979993
788,790,110,1.129630467
789,90,12.57250438,1.440000025
789,787,3481.529858,1.050792992
789,795,660,0.945051515
790,788,1597.187985,1.554938491
790,791,110,0.01
790,792,0,0.01
791,790,1597.187985,0.01
791,792,47,0.01
791,799,110,0.555555933
792,790,0,0.01
792,791,0,0.01
792,793,47,0.939218815
793,90,61.42749562,1.760000102
793,792,0,0.939130451
793,794,0,0.939130451
794,793,14.42749562,0.939131861
794,795,0,0.01
794,796,0,0.01
795,789,3116.384519,1.259131937
795,794,0,0.01
795,796,660,0.01
796,794,14.42749562,0.01
796,795,3116.384519,0.01
796,797,660,0.518851841
797,89,129,0.760000038
797,796,3130.812015,0.695278221
797,798,613,0.314955286
798,91,365.1420934,1.880000051
798,797,2965.812015,0.396933671
798,810,411,0.592629259
799,91,130.8579066,1.720000076
799,791,1644.187985,0.796966808
799,808,160,0.870374161
800,143,44,2.000000127
800,737,3,5.159420437
800,801,0,3.405797101
801,142,64,2.000000127
801,800,27,3.405797101
801,802,124,2.400122558
801,821,0,5.898551019
802,741,810,3.457936251
802,801,81,2.400015026
802,803,167,2.116832452
803,125,0,1.080000051
803,802,714,2.720167644
803,804,167,0.665601989
804,93,0,4.520000203
804,803,714,0.855310487
804,805,167,0.643778961
805,804,714,0.827267504
805,806,88,0.72464137
805,817,79,2.220996362
806,805,640,0.81335937
806,807,88,0.01
807,806,640,0.01
807,808,88,0.907413746
808,799,1085.045892,0.918840046
808,807,640,1.021774624
808,809,17,1.055555581
808,812,124,0.834879944
809,808,485.8573625,1.056663146
809,810,11,0.01
809,811,6,0.01
810,798,2894.954108,0.729753615
810,809,103,0.01
810,811,308,0.01
811,809,382.8573625,0.01
811,810,2883.954108,0.01
811,813,314,0.870384618
812,92,124,1.320000076
812,808,1132.188529,2.739862472
812,815,0,1.74782612
813,94,213,2.440000153
813,811,3266.811471,1.236478592
813,814,268,0.277779852
814,92,81,2.560000102
814,813,1704.811471,0.28247031
814,816,294,0.685193296
815,812,0,1.74782612
815,816,0,1.069565234
815,817,0,2.086956522
816,814,652,0.685599858
816,815,0,1.069565234
816,819,294,1.574092772
817,93,0,3
817,805,74,2.220784645
817,815,0,2.086956522
817,818,79,1.360610361
818,95,30,3.400000254
818,817,74,1.36048066
818,820,49,0.600046999
819,95,139,2.040000025
819,816,652,1.575026765
819,833,370,0.592614412
820,818,0,0.6
820,821,0,0.01
820,822,49,0.01
820,823,0,0.01
821,801,133,5.898551023
821,820,0,0.01
821,822,0,0.01
821,823,0,0.01
822,820,0,0.01
822,821,133,0.01
822,823,0,0.01
822,832,49,1.898550872
823,820,0,0.01
823,821,0,0.01
823,822,0,0.01
823,824,0,2.760000102
824,128,0,2.840000153
824,823,0,2.760000102
824,825,0,1.820000076
825,129,0,3.400000254
825,824,0,1.820000076
825,826,0,1.980000051
826,130,0,3.800000254
826,825,0,1.980000051
826,827,0,3.220000203
827,141,0,2.000000127
827,826,0,3.220000203
828,141,264,2.000000127
828,829,46,1.636363637
829,130,0,3.800000254
829,828,264,1.636371726
829,830,46,1.112727287
830,129,0,3.400000254
830,829,264,1.112732788
830,831,46,0.970909119
831,128,0,2.840000153
831,830,264,0.970913919
831,834,46,1.385454629
832,822,133,1.898550873
832,833,0,0.01
832,834,38,0.01
832,835,11,0.01
833,819,151,0.592592876
833,832,10,0.01
833,834,194,0.01
833,835,166,0.01
834,831,264,1.385461478
834,832,15,0.01
834,833,6,0.01
834,835,25,0.01
835,489,202,1.681159582
835,832,108,0.01
835,833,145,0.01
835,834,32,0.01
836,104,1688.974961,1.080000051
836,709,259,0.497204725
836,744,121,0.991407967
837,668,60,0.01
837,669,26,0.01
837,682,1001,0.595535206
837,838,53,0.01
838,633,84.66233964,0.991325398
838,668,55,0.01
838,669,61,0.01
838,837,383,0.01
839,10,153,1.520000076
839,205,226.5210172,0.731692099
839,840,1186.907077,1.558618936
840,9,888,0.360000014
840,839,190.5210172,1.383706949
840,844,986.907077,1.379578678
841,536,985.611858,1.361030732
841,842,2810.650611,0.01
842,841,985.611858,0.01
842,843,2810.650611,0.278742062
843,842,985.611858,0.240914595
843,848,212.1181958,0.313553489
843,852,2598.532415,0.405108069
844,840,756.5210172,1.160083845
844,845,24,0.01
844,846,690.9170282,0.01
844,847,271.9900488,0.01
845,535,931.388142,0.394059053
845,846,328.0037685,0.01
845,847,1259.507647,0.01
846,844,419.7874652,0.01
846,845,229.3781659,0.01
846,887,834.9207968,0.281301216
847,844,336.733552,0.01
847,845,678.0099761,0.01
847,849,1362.976679,0.40074152
848,843,272,0.314262332
848,849,68.62537584,0.01
848,850,212.1181958,0.01
849,847,846.2225109,0.383539859
849,848,0,0.01
849,850,584.8130452,0.01
849,851,778.1636334,0.01
850,848,340.6253758,0.01
850,851,44.75163065,0.01
850,888,796.931241,0.213342764
851,848,0,0.01
851,849,777.5971351,0.01
851,850,0,0.01
851,852,778.1636334,0.211544047
852,843,713.611858,0.259504438
852,851,732.8455044,0.215020586
852,853,2299.209602,0.503262869
852,889,1077.486447,0.203968522
853,852,1446.457362,0.350543785
853,854,2299.209602,0.16775429
854,1,895.6061748,0.780000019
854,853,1446.457362,0.116847928
854,855,1977.209602,0.177149531
855,854,2020.063537,0.180794411
855,856,1699.588052,0.01
855,857,447.1247684,0.01
856,855,2189.566755,0.01
856,858,1851.03024,0.234516919
857,856,589.4421885,0.01
857,891,447.1247684,0.186665602
858,856,1751.566755,0.225383809
858,859,1851.03024,0.01
858,860,0,0.01
859,858,1751.566755,0.01
859,860,0,0.01
859,861,1851.03024,0.201014496
860,892,0,0.440000025
861,859,1751.566755,0.193186116
861,862,1851.03024,0.01
862,861,1751.566755,0.01
862,865,1851.03024,0.402028993
863,861,0,0.01
863,862,0,0.01
864,865,0,0.01
864,866,421.4490187,0.01
864,870,0,0.417391321
865,862,1751.566755,0.386372233
865,866,1892.503599,0.01
865,867,1179.450525,0.01
866,864,0,0.01
866,865,1066.063537,0.01
866,867,328.5578115,0.01
866,898,2313.952617,0.253785482
867,864,20.75806915,0.01
867,865,1906.427101,0.01
867,868,1508.008336,0.237626135
868,867,1927.18517,0.277020606
868,873,1789.167329,0.163348956
869,868,1109.76466,0.353650044
869,870,1010.084775,0.216964414
869,872,142,0.12042549
870,1,609.3938252,1.380000019
870,864,400.6909495,0.423706235
870,869,0,0.156521745
871,264,564,0.577946083
871,869,1868.455609,0.876025598
872,147,142,1.560000038
872,869,393.3938252,0.137717443
872,871,564,0.733780973
873,868,1098.579503,0.136394284
873,872,957.3938252,0.224830706
873,874,1353.167329,0.085682945
874,873,1619.973329,0.092204297
874,875,1158.741349,0.302760397
874,901,273.310888,0.249345235
875,874,1572.973329,0.333071253
875,876,765.8849084,0.01
875,877,392.8564411,0.01
876,875,1572.973329,0.01
876,877,716.5952954,0.01
876,878,765.8849084,0.29066078
877,903,1109.451736,0.158929578
878,876,2289.568624,0.458775908
878,879,409,0.01
878,1048,356.8849084,0.01
879,878,1894.983582,0.01
879,881,641,0.315209324
879,1048,355.8974618,0.01
880,878,356.5850418,0.01
880,879,232,0.01
880,1048,603.2176298,0.01
881,879,2250.881044,0.489618252
881,882,318,0.01
881,883,323,0.01
882,881,1903.507948,0.01
882,883,491.2197615,0.01
882,884,903,0.373612815
883,881,347.3730964,0.01
883,882,585,0.01
883,905,814.2197615,0.163382039
884,882,2394.727709,0.621158643
884,885,903,0.01
884,886,0,0.01
885,355,903,0.385399233
885,884,2394.727709,0.01
885,886,425.0875442,0.01
886,885,0,0.01
886,906,425.0875442,0.189565252
887,846,465.1656311,0.240774029
887,944,834.9207968,0.187534148
888,559,851.931241,0.189805026
888,850,385.3770065,0.185018881
888,887,465.1656311,0.347784711
889,888,621.2121985,0.195449024
889,943,1077.486447,0.174830156
890,853,0,0.280000019
890,889,621.2121985,0.362976743
891,857,589.4421885,0.193291713
891,890,621.2121985,0.262486635
891,941,409.1247684,0.159069132
892,891,607.5426376,0.183655762
892,940,0,0.2
893,2,1100,0.420000029
893,892,607.5426376,0.07870961
894,863,0,0.560000038
894,893,1707.542638,0.095028795
895,894,1707.542638,0.316762637
895,937,1445.621423,0.173161949
896,895,1187.320483,0.212621345
896,914,150.5578115,0.32011124
896,915,361.2603399,0.265941754
897,896,1548.580823,0.221771135
898,866,1394.621349,0.173021284
898,897,1320.881763,0.01
898,899,993.0708548,0.01
899,898,1394.621349,0.01
899,914,993.0708548,0.161542224
900,897,227.6990599,0.01
900,898,0,0.01
900,899,0,0.01
901,874,125.8849084,0.24054761
901,900,227.6990599,0.602715912
901,913,273.310888,0.249345235
902,4,0,1.680000114
902,901,227.6990599,0.163193808
903,902,227.6990599,0.285589173
903,912,1152.759042,0.159378906
904,880,1191.802672,0.159837423
904,903,271.0063656,0.456610164
905,883,932.3730964,0.167550707
905,904,303.2186037,0.507331536
905,909,989.0194373,0.085041265
906,886,0,0.156521745
906,905,179.1069815,0.60497543
906,907,245.9805627,0.161382031
907,906,0,0.156521745
907,926,245.9805627,0.161382031
908,907,0,0.640000025
908,909,1197.585335,0.091517295
908,924,1360.320377,0.197953963
909,3,1262,0.6
909,905,1231.284394,0.092870994
909,908,1360.320377,0.098976982
910,908,0,0.480000019
910,911,1159.590433,0.079727672
911,3,0,2.040000153
911,904,1159.590433,0.079727672
912,910,0,0.440000025
912,920,1152.759042,0.079689453
913,901,125.8849084,0.24054761
913,912,0,0.440000025
913,917,314.1493912,0.255556792
914,899,1394.621349,0.173021284
914,913,40.83850314,0.560020799
914,916,952.2323516,0.16085531
915,895,1965.843578,0.246701535
915,896,150.5578115,0.24105421
915,934,463.2603399,0.080229497
916,914,1244.063537,0.16757869
916,915,1797.329151,0.294980505
916,951,952.2323516,0.348519833
917,4,855.1589928,0.54000001
917,913,125.8849084,0.24054761
917,918,290,0.125804464
918,916,1671.30094,0.406529961
918,917,541.0096016,0.176860022
918,933,0,0.24000001
919,4,623,0.9
919,918,1381.30094,0.201221639
920,4,330.8410072,0.6
920,921,1016.033126,0.105431367
921,919,2004.30094,0.143544777
921,931,1078.330041,0.158642121
922,910,1159.590433,0.159455344
922,921,2066.597855,0.406950976
923,3,0,1.320000076
923,922,2465.073197,0.231601544
924,908,1197.585335,0.183034591
924,923,2465.073197,0.324242184
924,928,1175.954219,0.181394281
925,924,2707.292374,0.32062126
925,926,0,0.280000019
926,907,0,0.156521745
926,925,221.2316971,0.343562319
926,957,24.74886563,0.339133816
927,358,1071.12622,0.629491554
927,956,0,0.24000001
928,924,771,0.162188668
928,927,1071.12622,0.366421857
928,955,1070.954219,0.174444198
929,3,0,1.500000095
929,928,1087.12622,0.087705262
930,922,761.1150916,0.156968792
930,929,1087.12622,0.2338807
931,930,1372.241311,0.365273625
931,953,867.3585088,0.15674339
932,4,0,1.080000019
932,931,1161.269779,0.19274281
933,918,541.0096016,0.353720043
933,932,1161.269779,0.110138745
933,952,0,0.24000001
934,2,0,1.320000076
934,915,421.0722386,0.079669725
934,935,463.2603399,0.080229497
935,933,1321.27938,0.623978548
935,934,421.0722386,0.079669725
935,950,651.2603399,0.169508725
936,935,1500.837192,0.148216845
937,936,872.1435589,0.159707101
937,948,1660.871371,0.313738179
938,2,765,0.420000029
938,937,1087.393507,0.136184366
939,894,0,0.2
939,938,1838.393507,0.16663274
940,939,1721.393507,0.222857189
940,946,0,0.4
941,891,565.1117493,0.164421307
941,940,1721.393507,0.222857189
941,945,849.3219833,0.31574869
942,890,0,0.24000001
942,941,2003.590722,0.35874032
943,942,2003.590722,0.466362427
944,559,834.9207968,0.345053946
945,941,723.1117493,0.292102109
945,969,849.3219833,0.31574869
946,945,0,0.280000019
946,968,0,0.4
947,939,117,0.400698203
947,946,0,0.24000001
948,947,117,0.400698203
948,966,1660.871371,0.256694864
949,936,628.6936328,0.303843319
949,948,117,0.240095006
950,935,429.514427,0.159542407
950,949,0,0.440000025
950,964,651.2603399,0.169508725
951,916,1370.091748,0.372724411
951,950,0,0.440000025
951,963,952.2323516,0.16839598
952,933,381,0.271517607
952,951,0,0.4
952,962,0,0.24000001
953,952,0,0.440000025
953,961,997.0615938,0.156934882
954,930,476,0.156576639
954,953,129.703085,0.441119965
955,928,650,0.159637562
955,954,129.703085,0.481221771
955,959,941.2511344,0.167923075
956,927,0,0.24000001
956,955,0,0.520000013
957,926,0,0.339130443
957,956,0,0.280000019
957,958,24.74886563,0.156523302
958,957,0,0.156521745
958,987,24.74886563,0.156523302
959,955,650,0.159637562
959,958,0,0.840000025
959,986,941.2511344,0.167923075
960,954,476,0.156576639
960,959,0,0.480000019
961,960,0,0.440000025
961,984,997.0615938,0.15801577
962,952,381,0.271517607
962,961,0,0.440000025
962,983,0,0.24000001
963,951,1370.091748,0.172026654
963,962,313.8431693,0.383252045
963,982,1003.232352,0.170777717
964,950,429.514427,0.159542407
964,963,51,0.480040148
964,981,642.2603399,0.168890696
965,949,745.6936328,0.23852846
965,1044,42,0.320013158
966,965,0,0.280000019
966,973,1660.871371,0.199651571
967,947,0,0.4
967,966,0,0.4
968,967,0,0.24000001
968,971,0,0.280000019
969,945,723.1117493,0.292102109
969,968,0,0.280000019
969,970,849.3219833,0.126299481
970,7,245,0.960000038
970,969,723.1117493,0.116840848
970,975,876.4762835,0.161073207
971,7,0,0.780000019
971,976,81.84569978,0.080037767
972,7,0,0.720000029
972,967,0,0.080000003
973,7,283,0.9
973,978,1571.871371,0.055981041
974,7,272,1.080000019
974,965,787.6936328,0.079855872
975,560,876.4762835,0.322146414
975,970,686.1117493,0.143426116
976,561,81.84569978,0.40018882
977,972,0,0.280000019
978,563,1571.871371,0.279905194
979,974,922.6936328,0.217319531
980,979,6,0.280000028
980,997,144.8836536,0.251574876
981,964,429.514427,0.159542407
981,980,150.8836536,0.723187733
981,996,497.3766863,0.161572091
982,963,1683.934917,0.188460971
982,981,0,0.520000013
982,994,1003.232352,0.170777717
983,962,67.15683075,0.240054941
983,982,0,0.320000013
983,993,0,0.24000001
984,983,0,0.440000025
984,992,997.0615938,0.079007885
985,960,476,0.156576639
985,984,0,0.440000025
986,959,650,0.159637562
986,985,181,0.484136496
986,989,941.2511344,0.167923075
987,958,0,0.156521745
987,986,0,0.880000051
987,988,24.74886563,0.156523302
988,987,0,0.156521745
988,1045,24.74886563,0.547831551
989,986,831,0.163890332
989,988,0,0.960000038
989,1009,941.2511344,0.307858977
990,985,295,0.156528218
990,989,0,0.480000019
991,990,0,0.440000025
991,1006,561.0615938,0.156553391
992,6,436,0.420000029
992,991,561.0615938,0.078318092
993,983,67.15683075,0.240054941
993,991,0,0.440000025
993,1004,0,0.24000001
994,982,1683.934917,0.188460971
994,993,67.15683075,0.280064106
994,1002,1003.232352,0.170777717
995,994,0,0.560000038
995,996,411.2158172,0.079557522
995,999,201.3766863,0.156734296
996,8,413.7013901,0.54000001
996,981,435.514427,0.159692859
996,995,201.3766863,0.078367148
997,617,144.8836536,0.281068615
997,980,0,0.24000001
997,995,0,0.720000013
998,979,916.6936328,0.108535883
998,997,0,0.440000025
999,995,411.2158172,0.159115044
999,1013,201.3766863,0.261223816
1000,999,117.7013901,0.601070465
1001,1002,1868.793138,0.01
1001,1015,1003.232352,0.170777717
1002,994,1751.091748,0.19315129
1002,1000,117.7013901,0.01
1002,1001,1003.232352,0.01
1003,1000,0,0.01
1003,1002,0,0.01
1004,993,0,0.24000001
1004,1003,0,0.24000001
1005,1004,0,0.440000025
1006,1005,0,0.01
1006,1051,561.0615938,0.01
1007,1008,295,0.078264109
1007,1052,0,0.4
1008,6,0,1.620000076
1008,990,295,0.104352145
1009,5,508,0.6
1009,989,831,0.300465614
1009,1026,1135.251134,0.297510456
1010,5,0,2.280000114
1010,1007,295,0.130436274
1011,362,1019.521346,0.312262134
1011,1045,0,0.01
1011,1046,2277.007141,0.01
1012,8,665.2986099,0.780000019
1012,617,1000.473336,0.469787817
1012,1013,1282.003601,0.123092907
1013,618,771.7313409,0.930311182
1013,999,293.514427,0.262195748
1013,1012,1427.771946,0.13467751
1013,1014,1304.003601,0.544705593
1014,1013,1647.126601,0.687594057
1014,1016,1246.521346,0.01
1014,1017,57.4822556,0.01
1015,1001,1868.793138,0.202528546
1015,1016,0,0.01
1015,1017,1040.232352,0.01
1016,1014,1647.126601,0.01
1016,1015,190.7013901,0.01
1016,1018,1639.521346,0.187056779
1017,623,1097.714607,0.476453471
1017,1014,0,0.01
1017,1015,1715.091748,0.01
1017,1016,393,0.01
1018,6,918,0.660000038
1018,1016,1837.827991,0.233231252
1018,1019,1008.521346,0.209275369
1019,1018,1974.827991,0.220370659
1019,1020,146,0.182610703
1019,1021,1008.521346,0.27690984
1020,623,146,0.443483139
1020,1023,250,0.41744175
1021,1019,1559.766397,0.373432066
1021,1024,1008.521346,0.01
1022,1010,295,0.130436274
1023,1021,0,0.01
1023,1022,250,0.01
1023,1024,0,0.01
1024,1021,1559.766397,0.01
1024,1022,45,0.01
1024,1025,1008.521346,0.368886109
1025,1024,1604.766397,0.544160703
1025,1027,953.5213457,0.01
1025,1028,55,0.01
1026,1009,930,0.279087763
1026,1025,248.175107,0.01
1026,1027,0,0.01
1026,1028,887.0760274,0.01
1027,1025,1311.59129,0.01
1027,1026,59,0.01
1027,1028,663.1647164,0.01
1027,1029,952.5213457,0.210319761
1028,626,1550.240744,1.592689053
1028,1025,45,0.01
1028,1026,871,0.01
1028,1027,58,0.01
1029,5,327,0.840000057
1029,1027,1974.756007,0.250909014
1029,1046,1019.521346,0.369068318
1030,138,39,2.000000127
1030,426,17,0.296296308
1031,146,386,2.000000127
1031,511,21,0.327272727
1032,132,55,2.000000127
1032,182,6,0.327272727
1033,133,80,2.000000127
1033,213,6,0.305454566
1034,66,6,1.440000025
1034,445,340,0.868195047
1034,465,35.20010159,2.269566203
1035,55,649.0509899,1.160000102
1035,58,947,1.880000051
1035,397,22,0.855072501
1035,433,302.9349063,1.347830398
1036,211,1179.164596,1.436297593
1036,1037,806,0.01
1037,212,806,0.320113237
1037,1036,1179.164596,0.01
1038,258,277,0.704482427
1038,259,328.4967822,0.01
1038,1047,642.3162013,0.01
1039,757,0,1.043478261
1039,1040,112.2609097,0.01
1040,755,112.2609097,1.489912783
1040,1039,0,0.01
1041,731,0,0.600000008
1041,732,61,0.495662449
1042,732,516,0.243399452
1042,733,0,0.834782642
1043,558,795.7477622,0.23041829
1043,559,319.3304392,0.236657079
1044,964,42,0.320013158
1045,988,0,0.547826104
1045,1046,24.74886563,0.01
1046,1011,1019.521346,0.01
1046,1029,2301.756007,0.511716429
1047,259,380,0.01
1047,261,1609.111128,0.951930265
1047,1038,111,0.01
1048,147,1316,0.780000019
1048,878,38,0.01
1048,879,0,0.01
1049,219,74,1.320466501
1049,1050,274,0.01
1050,238,274,2.563929368
1050,1049,74,0.01
1051,1019,561.0615938,0.156553391
1052,1005,0,0.01
